[{
  "url": "songs/One Of Us.mp3",
  "title": "One Of Us",
  "singer": "Joan Osborne"
}, {
  "url": "songs/No getting over me.mp3",
  "title": "No getting over me",
  "singer": "Willie Clayton"
}, {
  "url": "songs/My Heart Will Go On.mp3",
  "title": "My Heart Will Go On",
  "singer": "Celine Dion"
}, {
  "url": "songs/Because You Loved Me.mp3",
  "title": "Because You Loved Me",
  "singer": "Celine Dion"
}, {
  "url": "songs/All I  Have To Do Is Dream.Juice Newton.mp3",
  "title": "All I  Have To Do Is Dream.Juice Newton",
  "singer": "Juice Newton"
}]